{
  "Total" : {
    "transaction" : "Total",
    "sampleCount" : 4658089,
    "errorCount" : 0,
    "errorPct" : 0.0,
    "meanResTime" : 9.261371777137814,
    "medianResTime" : 8.0,
    "minResTime" : 1.0,
    "maxResTime" : 108.0,
    "pct1ResTime" : 19.900000000001455,
    "pct2ResTime" : 27.0,
    "pct3ResTime" : 35.0,
    "throughput" : 5176.160557921219,
    "receivedKBytesPerSec" : 1046.508931220497,
    "sentKBytesPerSec" : 6540.9685175293525
  },
  "HTTP Request" : {
    "transaction" : "HTTP Request",
    "sampleCount" : 4658089,
    "errorCount" : 0,
    "errorPct" : 0.0,
    "meanResTime" : 9.261371777137814,
    "medianResTime" : 8.0,
    "minResTime" : 1.0,
    "maxResTime" : 108.0,
    "pct1ResTime" : 19.900000000001455,
    "pct2ResTime" : 27.0,
    "pct3ResTime" : 35.0,
    "throughput" : 5176.160557921219,
    "receivedKBytesPerSec" : 1046.508931220497,
    "sentKBytesPerSec" : 6540.9685175293525
  }
}