{
  "Total" : {
    "transaction" : "Total",
    "sampleCount" : 1389274,
    "errorCount" : 0,
    "errorPct" : 0.0,
    "meanResTime" : 8.881009073804528,
    "medianResTime" : 7.0,
    "minResTime" : 1.0,
    "maxResTime" : 84.0,
    "pct1ResTime" : 19.0,
    "pct2ResTime" : 28.0,
    "pct3ResTime" : 37.0,
    "throughput" : 4991.642713423397,
    "receivedKBytesPerSec" : 1009.192673479493,
    "sentKBytesPerSec" : 6307.798507001832
  },
  "HTTP Request" : {
    "transaction" : "HTTP Request",
    "sampleCount" : 1389274,
    "errorCount" : 0,
    "errorPct" : 0.0,
    "meanResTime" : 8.881009073804528,
    "medianResTime" : 7.0,
    "minResTime" : 1.0,
    "maxResTime" : 84.0,
    "pct1ResTime" : 19.0,
    "pct2ResTime" : 28.0,
    "pct3ResTime" : 37.0,
    "throughput" : 4991.642713423397,
    "receivedKBytesPerSec" : 1009.192673479493,
    "sentKBytesPerSec" : 6307.798507001832
  }
}