{
  "Total" : {
    "transaction" : "Total",
    "sampleCount" : 4621194,
    "errorCount" : 0,
    "errorPct" : 0.0,
    "meanResTime" : 9.343658154148567,
    "medianResTime" : 8.0,
    "minResTime" : 1.0,
    "maxResTime" : 616.0,
    "pct1ResTime" : 17.0,
    "pct2ResTime" : 22.0,
    "pct3ResTime" : 30.0,
    "throughput" : 5135.299059438508,
    "receivedKBytesPerSec" : 1038.2068781146236,
    "sentKBytesPerSec" : 6248.615847715216
  },
  "HTTP Request" : {
    "transaction" : "HTTP Request",
    "sampleCount" : 4621194,
    "errorCount" : 0,
    "errorPct" : 0.0,
    "meanResTime" : 9.343658154148567,
    "medianResTime" : 8.0,
    "minResTime" : 1.0,
    "maxResTime" : 616.0,
    "pct1ResTime" : 17.0,
    "pct2ResTime" : 22.0,
    "pct3ResTime" : 30.0,
    "throughput" : 5135.299059438508,
    "receivedKBytesPerSec" : 1038.2068781146236,
    "sentKBytesPerSec" : 6248.615847715216
  }
}